<?xml version="1.0"?>
<doc>
    <assembly>
        <name>Ubiety.Logging.Core</name>
    </assembly>
    <members>
        <member name="T:Ubiety.Logging.Core.IUbietyLogger">
            <summary>
                Defines a logger for the library.
            </summary>
        </member>
        <member name="M:Ubiety.Logging.Core.IUbietyLogger.Log(Ubiety.Logging.Core.LogLevel,System.Object)">
            <summary>
                Log a message.
            </summary>
            <param name="level">Severity level of the message.</param>
            <param name="message">Message to log.</param>
        </member>
        <member name="M:Ubiety.Logging.Core.IUbietyLogger.Log(Ubiety.Logging.Core.LogLevel,System.Object,System.Exception)">
            <summary>
                Log an exception with a message.
            </summary>
            <param name="level">Severity level of the message.</param>
            <param name="message">Message to log.</param>
            <param name="exception">Exception to log.</param>
        </member>
        <member name="T:Ubiety.Logging.Core.IUbietyLogManager">
            <summary>
                Defines an interface for a log manager.
            </summary>
        </member>
        <member name="M:Ubiety.Logging.Core.IUbietyLogManager.GetLogger(System.String)">
            <summary>
                Get a logger for the given name.
            </summary>
            <param name="name">Name of the logger.</param>
            <returns>Logger.</returns>
        </member>
        <member name="T:Ubiety.Logging.Core.LogLevel">
            <summary>
                Log severity level.
            </summary>
        </member>
        <member name="F:Ubiety.Logging.Core.LogLevel.Critical">
            <summary>
                Critical level message.
            </summary>
        </member>
        <member name="F:Ubiety.Logging.Core.LogLevel.Error">
            <summary>
                Error level message.
            </summary>
        </member>
        <member name="F:Ubiety.Logging.Core.LogLevel.Warning">
            <summary>
                Warning level message.
            </summary>
        </member>
        <member name="F:Ubiety.Logging.Core.LogLevel.Information">
            <summary>
                Information level message.
            </summary>
        </member>
        <member name="F:Ubiety.Logging.Core.LogLevel.Debug">
            <summary>
                Debug level message.
            </summary>
        </member>
        <member name="T:Ubiety.Logging.Core.UbietyLogger">
            <summary>
                DNS logger class.
            </summary>
        </member>
        <member name="M:Ubiety.Logging.Core.UbietyLogger.Get``1">
            <summary>
                Gets logger for the provided type.
            </summary>
            <typeparam name="T">Type to name the logger.</typeparam>
            <returns>Logger named for the type.</returns>
        </member>
        <member name="M:Ubiety.Logging.Core.UbietyLogger.Initialize(Ubiety.Logging.Core.IUbietyLogManager)">
            <summary>
                Initializes logger.
            </summary>
            <param name="logManager">Log manager instance.</param>
        </member>
        <member name="T:Ubiety.Logging.Core.UbietyLoggerExtensions">
            <summary>
                Extensions for logger to make logging easier.
            </summary>
        </member>
        <member name="M:Ubiety.Logging.Core.UbietyLoggerExtensions.Debug(Ubiety.Logging.Core.IUbietyLogger,System.Object)">
            <summary>
                Log a debug message.
            </summary>
            <param name="logger">Logger to use.</param>
            <param name="message">Message to log.</param>
        </member>
        <member name="M:Ubiety.Logging.Core.UbietyLoggerExtensions.Debug(Ubiety.Logging.Core.IUbietyLogger,System.Object,System.Exception)">
            <summary>
                Log a debug exception.
            </summary>
            <param name="logger">Logger to use.</param>
            <param name="message">Message to log.</param>
            <param name="exception">Exception to log.</param>
        </member>
        <member name="M:Ubiety.Logging.Core.UbietyLoggerExtensions.Warning(Ubiety.Logging.Core.IUbietyLogger,System.Object)">
            <summary>
                Log a warning message.
            </summary>
            <param name="logger">Logger to use.</param>
            <param name="message">Message to log.</param>
        </member>
        <member name="M:Ubiety.Logging.Core.UbietyLoggerExtensions.Warning(Ubiety.Logging.Core.IUbietyLogger,System.Object,System.Exception)">
            <summary>
                Log a warning exception.
            </summary>
            <param name="logger">Logger to use.</param>
            <param name="message">Message to log.</param>
            <param name="exception">Exception to log.</param>
        </member>
        <member name="M:Ubiety.Logging.Core.UbietyLoggerExtensions.Error(Ubiety.Logging.Core.IUbietyLogger,System.Object)">
            <summary>
                Log an error message.
            </summary>
            <param name="logger">Logger to use.</param>
            <param name="message">Message to log.</param>
        </member>
        <member name="M:Ubiety.Logging.Core.UbietyLoggerExtensions.Error(Ubiety.Logging.Core.IUbietyLogger,System.Exception,System.Object)">
            <summary>
                Log an error exception.
            </summary>
            <param name="logger">Logger to use.</param>
            <param name="exception">Exception to log.</param>
            <param name="message">Message to log.</param>
        </member>
        <member name="M:Ubiety.Logging.Core.UbietyLoggerExtensions.Critical(Ubiety.Logging.Core.IUbietyLogger,System.Object)">
            <summary>
                Log a critical message.
            </summary>
            <param name="logger">Logger to use.</param>
            <param name="message">Message to log.</param>
        </member>
        <member name="M:Ubiety.Logging.Core.UbietyLoggerExtensions.Critical(Ubiety.Logging.Core.IUbietyLogger,System.Object,System.Exception)">
            <summary>
                Log a critical exception.
            </summary>
            <param name="logger">Logger to use.</param>
            <param name="message">Message to log.</param>
            <param name="exception">Exception to log.</param>
        </member>
        <member name="M:Ubiety.Logging.Core.UbietyLoggerExtensions.Information(Ubiety.Logging.Core.IUbietyLogger,System.Object)">
            <summary>
                Log an information message.
            </summary>
            <param name="logger">Logger to use.</param>
            <param name="message">Message to log.</param>
        </member>
        <member name="M:Ubiety.Logging.Core.UbietyLoggerExtensions.Information(Ubiety.Logging.Core.IUbietyLogger,System.Object,System.Exception)">
            <summary>
                Log an information exception.
            </summary>
            <param name="logger">Logger to use.</param>
            <param name="message">Message to log.</param>
            <param name="exception">Exception to log.</param>
        </member>
    </members>
</doc>
